CREATE DATABASE Sizes
drop DATABASE Sizes
-------------------------------------

create table Brand
(
  Id TINYINT NOT NULL,
  Brand VARCHAR(50) NOT NULL,
  constraint PK_BrandId
    PRIMARY KEY (Id)
)
insert into Brand
  (Id, Brand)
VALUES (1, 'Nike'),
  (2, 'Adidas'),
  (3, 'Puma')

SELECT * FROM Brand
-------------------------------------

create table ShoesWoman
(
  BrandId TINYINT NOT NULL,
  SizeEU DECIMAL(3,1) not null,
  SizeUS DECIMAL(3,1) not null,
  SizeUK DECIMAL(3,1) not null,
  SizeCM DECIMAL(3,1) not null,
  SizeIN DECIMAL(3,1) not null,
  FOREIGN KEY (BrandId) REFERENCES Brand(Id)
)


create table ShoesMan
(
  BrandID TINYINT NOT NULL,
  SizeEU DECIMAL(3,1) not null,
  SizeUS DECIMAL(3,1) not null,
  SizeUK DECIMAL(3,1) not null,
  SizeCM DECIMAL(3,1) not null,
  SizeIN DECIMAL(3,1) not null,
  FOREIGN KEY (BrandId) REFERENCES Brand(Id)
)

INSERT INTO ShoesMan
  (BrandId, SizeEU, SizeUS, SizeUK, SizeCM, SizeIN)
VALUES
  (1, 35.5, 3.5, 3.0, 22.0, 8.66),
  (1, 36.0, 4.0, 3.5, 22.5, 8.86),
  (1, 36.5, 4.5, 4.0, 23.0, 9.06),
  (1, 37.5, 5.0, 4.5, 23.5, 9.25),
  (1, 38.0, 5.5, 5.0, 24.0, 9.45),
  (1, 38.5, 6.0, 5.5, 24.5, 9.65),
  (1, 39.0, 6.5, 6.0, 25.0, 9.84),
  (1, 39.5, 7.0, 6.0, 25.5, 10.04),
  (1, 40.0, 7.5, 6.5, 26.0, 10.24),
  (1, 40.5, 8.0, 7.0, 26.5, 10.43),
  (1, 41.0, 8.5, 7.5, 27.0, 10.63),
  (1, 42.0, 9.0, 8.0, 27.5, 10.83),
  (1, 42.5, 9.5, 8.5, 28.0, 11.02),
  (1, 43.0, 10.0, 9.0, 28.5, 11.22),
  (1, 44.0, 10.5, 9.5, 29.0, 11.42),
  (1, 44.5, 11.0, 10.0, 29.5, 11.61),
  (1, 45.0, 11.5, 10.5, 30.0, 11.81),
  (1, 45.5, 12.0, 11.0, 30.5, 12.01),
  (1, 46.0, 12.5, 11.5, 31.0, 12.20),
  (1, 47.0, 13.0, 12.0, 31.0, 12.20),
  (1, 47.5, 13.5, 12.5, 31.5, 12.40),
  (1, 48.0, 14.0, 13.0, 32.0, 12.60),
  (1, 48.5, 14.5, 13.5, 32.5, 12.80),
  (1, 49.5, 15.0, 14.0, 33.5, 13.19),
  (1, 50.5, 16.0, 15.0, 34.5, 13.58),
  (2, 38.0, 5.5, 5.0, 24.0, 9.45),
  (2, 38.5, 6.0, 5.5, 24.5, 9.65),
  (2, 39.5, 6.5, 6.0, 25.0, 9.84),
  (2, 40.0, 7.0, 6.5, 25.5, 10.04),
  (2, 40.5, 7.5, 7.0, 25.75, 10.13),
  (2, 41.5, 8.0, 7.5, 26.0, 10.24),
  (2, 42.0, 8.5, 8.0, 26.5, 10.43),
  (2, 42.5, 9.0, 8.5, 27.0, 10.63),
  (2, 43.0, 9.5, 9.0, 27.5, 10.83),
  (2, 44.0, 10.0, 9.5, 28.0, 11.02),
  (2, 44.5, 10.5, 10.0, 28.25, 11.12),
  (2, 45.0, 11.0, 10.5, 28.5, 11.22),
  (2, 46.0, 11.5, 11.0, 29.0, 11.42),
  (2, 46.5, 12.0, 11.5, 29.5, 11.61),
  (2, 47.0, 12.5, 12.0, 30.0, 11.81),
  (2, 48.0, 13.0, 12.5, 30.5, 12.01),
  (2, 48.5, 13.5, 13.0, 31.0, 12.20),
  (2, 49.0, 14.0, 13.5, 31.25, 12.30),
  (2, 50.0, 14.5, 14.0, 31.5, 12.40),
  (2, 50.5, 15.0, 14.5, 32.0, 12.60);


INSERT INTO ShoesMan (BrandId, SizeEU, SizeUS, SizeUK, SizeCM, SizeIN) VALUES
(1, 35.5, 3.5, 3.0, 22.0, 8.66),
(1, 36.0, 4.0, 3.5, 22.5, 8.86),
(1, 36.5, 4.5, 4.0, 23.0, 9.06),
(1, 37.5, 5.0, 4.5, 23.5, 9.25),
(1, 38.0, 5.5, 5.0, 24.0, 9.45),
(1, 38.5, 6.0, 5.5, 24.5, 9.65),
(1, 39.0, 6.5, 6.0, 25.0, 9.84),
(1, 39.5, 7.0, 6.0, 25.5, 10.04),
(1, 40.0, 7.5, 6.5, 26.0, 10.24),
(1, 40.5, 8.0, 7.0, 26.5, 10.43),
(1, 41.0, 8.5, 7.5, 27.0, 10.63),
(1, 42.0, 9.0, 8.0, 27.5, 10.83),
(1, 42.5, 9.5, 8.5, 28.0, 11.02),
(1, 43.0, 10.0, 9.0, 28.5, 11.22),
(1, 44.0, 10.5, 9.5, 29.0, 11.42),
(1, 44.5, 11.0, 10.0, 29.5, 11.61),
(1, 45.0, 11.5, 10.5, 30.0, 11.81),
(1, 45.5, 12.0, 11.0, 30.5, 12.01),
(1, 46.0, 12.5, 11.5, 31.0, 12.20),
(1, 47.0, 13.0, 12.0, 31.0, 12.20),
(1, 47.5, 13.5, 12.5, 31.5, 12.40),
(1, 48.0, 14.0, 13.0, 32.0, 12.60),
(1, 48.5, 14.5, 13.5, 32.5, 12.80),
(1, 49.5, 15.0, 14.0, 33.5, 13.19),
(1, 50.5, 16.0, 15.0, 34.5, 13.58),
(2, 38.0, 5.5, 5.0, 24.0, 9.45),
(2, 38.5, 6.0, 5.5, 24.5, 9.65),
(2, 39.5, 6.5, 6.0, 25.0, 9.84),
(2, 40.0, 7.0, 6.5, 25.5, 10.04),
(2, 40.5, 7.5, 7.0, 25.75, 10.13),
(2, 41.5, 8.0, 7.5, 26.0, 10.24),
(2, 42.0, 8.5, 8.0, 26.5, 10.43),
(2, 42.5, 9.0, 8.5, 27.0, 10.63),
(2, 43.0, 9.5, 9.0, 27.5, 10.83),
(2, 44.0, 10.0, 9.5, 28.0, 11.02),
(2, 44.5, 10.5, 10.0, 28.25, 11.12),
(2, 45.0, 11.0, 10.5, 28.5, 11.22),
(2, 46.0, 11.5, 11.0, 29.0, 11.42),
(2, 46.5, 12.0, 11.5, 29.5, 11.61),
(2, 47.0, 12.5, 12.0, 30.0, 11.81),
(2, 48.0, 13.0, 12.5, 30.5, 12.01),
(2, 48.5, 13.5, 13.0, 31.0, 12.20),
(2, 49.0, 14.0, 13.5, 31.25, 12.30),
(2, 50.0, 14.5, 14.0, 31.5, 12.40),
(2, 50.5, 15.0, 14.5, 32.0, 12.60);








INSERT INTO ShoesWoman
  (BrandId, SizeEU, SizeUS, SizeUK, SizeCM, SizeIN)
VALUES
  (1, 35.0, 4.5, 2.0, 22.0, 8.66),
  (1, 35.5, 5.0, 2.5, 22.5, 8.86),
  (1, 36.0, 5.5, 3.0, 23.0, 9.06),
  (1, 36.5, 6.0, 3.5, 23.5, 9.25),
  (1, 37.5, 6.5, 4, 23.5, 9.45),
  (1, 38.0, 7.0, 4.5, 24.0, 9.45),
  (1, 38.5, 7.5, 5, 24.5, 9.65),
  (1, 39.0, 8.0, 5.5, 25.0, 9.84),
  (1, 40.0, 8.5, 6, 25.5, 10.04),
  (1, 40.5, 9.0, 6.5, 26.0, 10.24),
  (1, 41.0, 9.5, 7.0, 26.5, 10.43),
  (1, 42.0, 10.0, 7.5, 27.0, 10.63),
  (1, 42.5, 10.5, 8.0, 27.5, 10.83),
  (1, 43.0, 11.0, 8.5, 28.0, 11.02),
  (1, 44.0, 11.5, 9.0, 28.5, 11.22),
  (1, 44.5, 12.0, 9.5, 29.0, 11.42),
  (1, 45.0, 12.5, 10.0, 29.5, 11.61),
  (2, 36.0, 5.5, 4.0, 22.9, 9.02),
  (2, 36.5, 6.0, 4.5, 23.3, 9.17),
  (2, 37.0, 6.5, 5.0, 23.8, 9.37),
  (2, 38.0, 7.0, 5.5, 24.2, 9.53),
  (2, 38.5, 7.5, 6.0, 24.6, 9.69),
  (2, 39.0, 8.0, 6.5, 25.1, 9.88),
  (2, 40.0, 8.5, 7.0, 25.5, 10.04),
  (2, 40.5, 9.0, 7.5, 25.9, 10.20),
  (2, 41.0, 9.5, 8.0, 26.3, 10.35),
  (2, 42.0, 10.0, 8.5, 26.7, 10.51),
  (2, 42.5, 10.5, 9.0, 27.1, 10.67),
  (2, 43.0, 11.0, 9.5, 27.6, 10.87),
  (2, 44.0, 11.5, 10.0, 28.0, 11.02),
  (2, 44.5, 12.0, 10.5, 28.4, 11.18),
  (2, 45.0, 12.5, 11.0, 28.9, 11.38),
  (2, 46.0, 13.0, 11.5, 29.3, 11.54),
  (2, 46.5, 13.5, 12.0, 29.7, 11.69),
  (2, 47.0, 14.0, 12.5, 30.1, 11.85),
  (2, 48.0, 14.5, 13.0, 30.5, 12.01),
  (2, 48.5, 15.0, 13.5, 31.0, 12.20);

INSERT INTO ShoesWoman (BrandId, SizeEU, SizeUS, SizeUK, SizeCM, SizeIN) VALUES
(1, 35.0, 4.5, 2.0, 22.0, 8.66),
(1, 35.5, 5.0, 2.5, 22.5, 8.86),
(1, 36.0, 5.5, 3.0, 23.0, 9.06),
(1, 36.5, 6.0, 3.5, 23.5, 9.25),
(1, 37.5, 6.5, 4, 23.5, 9.45),
(1, 38.0, 7.0, 4.5, 24.0, 9.45),
(1, 38.5, 7.5, 5, 24.5, 9.65),
(1, 39.0, 8.0, 5.5, 25.0, 9.84),
(1, 40.0, 8.5, 6, 25.5, 10.04),
(1, 40.5, 9.0, 6.5, 26.0, 10.24),
(1, 41.0, 9.5, 7.0, 26.5, 10.43),
(1, 42.0, 10.0, 7.5, 27.0, 10.63),
(1, 42.5, 10.5, 8.0, 27.5, 10.83),
(1, 43.0, 11.0, 8.5, 28.0, 11.02),
(1, 44.0, 11.5, 9.0, 28.5, 11.22),
(1, 44.5, 12.0, 9.5, 29.0, 11.42),
(1, 45.0, 12.5, 10.0, 29.5, 11.61),
(2, 36.0, 5.5, 4.0, 22.9, 9.02),
(2, 36.5, 6.0, 4.5, 23.3, 9.17),
(2, 37.0, 6.5, 5.0, 23.8, 9.37),
(2, 38.0, 7.0, 5.5, 24.2, 9.53),
(2, 38.5, 7.5, 6.0, 24.6, 9.69),
(2, 39.0, 8.0, 6.5, 25.1, 9.88),
(2, 40.0, 8.5, 7.0, 25.5, 10.04),
(2, 40.5, 9.0, 7.5, 25.9, 10.20),
(2, 41.0, 9.5, 8.0, 26.3, 10.35),
(2, 42.0, 10.0, 8.5, 26.7, 10.51),
(2, 42.5, 10.5, 9.0, 27.1, 10.67),
(2, 43.0, 11.0, 9.5, 27.6, 10.87),
(2, 44.0, 11.5, 10.0, 28.0, 11.02),
(2, 44.5, 12.0, 10.5, 28.4, 11.18),
(2, 45.0, 12.5, 11.0, 28.9, 11.38),
(2, 46.0, 13.0, 11.5, 29.3, 11.54),
(2, 46.5, 13.5, 12.0, 29.7, 11.69),
(2, 47.0, 14.0, 12.5, 30.1, 11.85),
(2, 48.0, 14.5, 13.0, 30.5, 12.01),
(2, 48.5, 15.0, 13.5, 31.0, 12.20);



-------------------------------------------------

create table TopsMan
(
  Id TINYINT NOT NULL IDENTITY(1,1),
  BrandId TINYINT NOT NULL,
  Size VARCHAR(6) NOT NULL CHECK(Size IN ('XXS','XS','S', 'M', 'L', 'XL', 'XXL', 'XXXL')),
  ChestIN_min DECIMAL(3,1) NOT NULL,
  ChestIN_max DECIMAL(3,1) NOT NULL,
  ChestCM_min TINYINT NOT NULL,
  ChestCM_max VARCHAR(10) NOT NULL,
  WaistIN_min DECIMAL(3,1) NOT NULL,
  WaistIN_max DECIMAL(3,1) NOT NULL,
  WaistCM_min TINYINT NOT NULL,
  WaistCM_max TINYINT NOT NULL,
  HipIN_min DECIMAL(3,1) NOT NULL,
  HipIN_max DECIMAL(3,1) NOT NULL,
  HipCM_min TINYINT NOT NULL,
  HipCM_max TINYINT NOT NULL,
  HeightIN_min DECIMAL(3,1) ,
  HeightIN_max DECIMAL(3,1)  ,
  HeightCM_min TINYINT default NULL,
  HeightCM_max TINYINT default NULL,
  FOREIGN KEY (BrandId) REFERENCES Brand(Id)
)


create table TopsWoman
(
  Id TINYINT NOT NULL IDENTITY(1,1),
  BrandId TINYINT NOT NULL,
  Size VARCHAR(6) NOT NULL CHECK(Size IN ('XXS','XS','S', 'M', 'L', 'XL', 'XXL', 'XXXL')),
  ChestIN_min DECIMAL(3,1) NOT NULL,
  ChestIN_max DECIMAL(3,1) NOT NULL,
  ChestCM_min TINYINT NOT NULL,
  ChestCM_max VARCHAR(10) NOT NULL,
  WaistIN_min DECIMAL(3,1) NOT NULL,
  WaistIN_max DECIMAL(3,1) NOT NULL,
  WaistCM_min TINYINT NOT NULL,
  WaistCM_max TINYINT NOT NULL,
  HipIN_min DECIMAL(3,1) NOT NULL,
  HipIN_max DECIMAL(3,1) NOT NULL,
  HipCM_min TINYINT NOT NULL,
  HipCM_max TINYINT NOT NULL,
  FOREIGN KEY (BrandId) REFERENCES Brand(Id)
)



INSERT INTO TopsMan
  (BrandId,Size,ChestIN_min,ChestIN_max,ChestCM_min,ChestCM_max,WaistIN_min,WaistIN_max,WaistCM_min,WaistCM_max,HipIN_min,HipIN_max,HipCM_min,HipCM_max,HeightIN_min,HeightIN_max,HeightCM_min,HeightCM_max)
VALUES
  (1, 'XXS', 28.1 , 31.5, 7, 80, 22.5, 25.5, 57, 65, 28.5, 31.5, 72, 80, 0, 5.7, 0, 170)
,
  (1, 'XS', 31.5, 35, 80, 88, 25.5, 29, 65, 73, 31.5, 35, 80, 88, 5.7, 6, 170, 183)
,
  (1, 'S', 35, 37.5, 88, 96, 29, 32, 73, 81, 35, 37.5, 88, 96, 5.7, 6.0, 170, 183),
  (1, 'M', 37.5, 41, 96, 104, 32, 35, 81, 89, 37.5, 41, 96, 104, 5.7, 6.0, 170, 183),
  (1, 'L', 41, 44, 104, 112, 35, 38, 89, 97, 41, 44, 104, 112, 5.7, 6.0, 170, 183),
  (1, 'XL', 44, 48.5, 112, 124, 38, 43, 97, 109, 44, 47, 112, 120, 5.7, 6.0, 170, 183),
  (1, 'XXL', 48.5, 53.5, 124, 136, 43, 47.5, 109, 121, 47, 50.5, 120, 128, 5.7, 6.0, 170, 183),
  (1, 'XXXL', 53.5, 58, 136, 148, 47.5, 52.5, 121, 133, 50.5, 53.5, 128, 136, 5.7, 6.0, 170, 183),
  (2, 'XS', 32.5, 34, 83, 86, 27.5, 29, 71, 74, 32, 33.5, 82, 85, null, null, null, null),
  (2, 'S', 34.5, 36, 87, 92, 29.5, 31.5, 75, 80, 34, 36, 86, 91, null, null, null, null),
  (2, 'M', 36.5, 39, 93, 100, 32, 34.5, 81, 88, 36.5, 39, 92, 99, null, null, null, null)
,
  (2, 'L', 39.5, 42.5, 101, 108, 35, 38, 89, 96, 39.5, 42, 100, 107, null, null, null, null),
  (2, 'XL', 43, 46.5, 109, 118, 38.5, 42, 97, 106, 42.5, 45.5, 108, 116, null, null, null, null),
  (2, 'XXL', 47, 51, 119, 130, 42.5, 47, 107, 119, 46, 49, 117, 125, null, null, null, null),
  (2, 'XXXL', 51.5, 56, 131, 142, 47.5, 52, 120, 132, 49.5, 53, 126, 135, null, null, null, null)



INSERT INTO TopsWoman
  (BrandId, Size, ChestIN_min, ChestIN_max, ChestCM_min, ChestCM_max, WaistIN_min, WaistIN_max, WaistCM_min, WaistCM_max, HipIN_min, HipIN_max, HipCM_min, HipCM_max)
VALUES
  (1, 'XXS', 27.5 , 29.5, 70, 76, 21.5, 23.5, 54, 60, 30.5, 33, 78, 84),
  (1, 'XS', 29.5, 32.5, 76, 83, 23.5, 26, 60, 67, 33, 35.5, 84, 91),
  (1, 'S', 32.5, 35.5, 83, 90, 26, 29, 67, 74, 35.5, 38.5, 91, 98),
  (1, 'M', 35.5, 38, 90, 97, 29, 31.5, 74, 81, 38, 40.5, 98, 105),
  (1, 'L', 38, 41, 97, 104, 31.5, 34.5, 81, 88, 40.5, 43, 105, 112),
  (1, 'XL', 41, 44.5, 104, 114, 34.5, 38.5, 88, 98, 43, 45.5, 112, 120),
  (1, 'XXL', 44.5, 48.5, 114, 124, 38.5, 42.5, 98, 108, 45.5, 48, 120, 128),
  (2, 'XXS', 28.5, 29.5, 73, 76, 22, 23.5, 57, 60, 31.5, 33, 82, 85),
  (2, 'XS', 30, 32, 77, 83, 24, 26, 61, 66, 36, 38, 86, 91),
  (2, 'S', 32.5, 34.5, 83, 88, 26.5, 28.5, 67, 72, 36, 38, 92, 97),
  (2, 'M', 35, 37, 89, 94, 29, 31, 73, 78, 41, 43, 98, 103),
  (2, 'L', 37.5, 40, 95, 101, 31.5, 33.5, 79, 85, 41, 43, 104, 110),
  (2, 'XL', 40, 43, 102, 109, 34, 37, 84, 94, 43.5, 46, 111, 117),
  (2, 'XXL', 43.5, 46.5, 110, 118, 37.5, 41, 95, 104, 46.5, 49, 118, 125)




------------------------------------------------------------------

create table BottomsMan
(
  Id TINYINT NOT NULL IDENTITY(1,1),
  BrandId TINYINT NOT NULL,
  Size VARCHAR(6) NOT NULL CHECK(Size IN ('XXS','XS','S', 'M', 'L', 'XL', 'XXL', 'XXXL')),
  WaistIN_min DECIMAL(3,1) NOT NULL,
  WaistIN_max DECIMAL(3,1) NOT NULL,
  WaistCM_min TINYINT NOT NULL,
  WaistCM_max TINYINT NOT NULL,
  HipIN_min DECIMAL(3,1) NOT NULL,
  HipIN_max DECIMAL(3,1) NOT NULL,
  HipCM_min TINYINT NOT NULL,
  HipCM_max TINYINT NOT NULL,
  HeightIN_min DECIMAL(3,1),
  HeightIN_max DECIMAL(3,1) ,
  HeightCM_min TINYINT ,
  HeightCM_max TINYINT,
  FOREIGN KEY (BrandId) REFERENCES Brand(Id)
)


create table BottomsWoman
(
  Id TINYINT NOT NULL IDENTITY(1,1),
  BrandId TINYINT NOT NULL,
  Size VARCHAR(6) NOT NULL CHECK(Size IN ('XXS','XS','S', 'M', 'L', 'XL', 'XXL', 'XXXL')),
  WaistIN_min DECIMAL(3,1) NOT NULL,
  WaistIN_max DECIMAL(3,1) NOT NULL,
  WaistCM_min TINYINT NOT NULL,
  WaistCM_max TINYINT NOT NULL,
  HipIN_min DECIMAL(3,1) NOT NULL,
  HipIN_max DECIMAL(3,1) NOT NULL,
  HipCM_min TINYINT NOT NULL,
  HipCM_max TINYINT NOT NULL,
  HeightIN_min DECIMAL(3,1),
  HeightIN_max DECIMAL(3,1),
  HeightCM_min TINYINT,
  HeightCM_max TINYINT,
  FOREIGN KEY (BrandId) REFERENCES Brand(Id)
)

insert into BottomsMan
  (BrandId, Size, WaistIN_min, WaistIN_max, WaistCM_min, WaistCM_max, HipIN_min, HipIN_max, HipCM_min, HipCM_max, HeightIN_min, HeightIN_max, HeightCM_min, HeightCM_max)
VALUES (1, 'XXS', 22.5, 25.5, 57, 65, 28.5, 31.5, 72, 80, 0, 5.7, 0, 170),
  (1, 'XS', 25.5, 29, 65, 73, 31.5, 35, 80, 88, 5.7, 6, 170, 183),
  (1, 'S', 29, 32, 73, 81, 35, 37.5, 88, 96, 5.7, 6.0, 170, 183),
  (1, 'M', 32, 35, 81, 89, 37.5, 41, 96, 104, 5.7, 6.0, 170, 183),
  (1, 'L', 35, 38, 89, 97, 41, 44, 104, 112, 5.7, 6.0, 170, 183),
  (1, 'XL', 38, 43, 97, 109, 44, 47, 112, 120, 5.7, 6.0, 170, 183),
  (1, 'XXL', 43, 47.5, 109, 121, 47, 50.5, 120, 128, 5.7, 6.0, 170, 183),
  (1, 'XXXL', 47.5, 52.5, 121, 133, 50.5, 53.5, 128, 136, 5.7, 6.0, 170, 183),
  (2, 'XS', 27.5, 29, 70, 74, 34, 35.5, 86, 90, 65, 68, 0, 170 ),
  (2, 'S', 29.5, 32, 75, 81, 36, 37.5, 91, 95, 68, 71, 170, 183),
  (2, 'M', 32.5, 35, 82, 89, 38, 39.5, 96, 100, 71, 74, 170, 183 ),
  (2, 'L', 35.5, 39, 90, 99, 40, 41.5, 101, 105, 74, 77, 170, 183),
  (2, 'XL', 39.5, 43, 100, 109, 42, 43.5, 106, 110, 77, 80, 170, 183),
  (2, 'XXL', 43.5, 47, 110, 119, 44, 45.5, 111, 115, 80, 83, 170, 183),
  (2, 'XXXL', 47.5, 51, 120, 129, 46, 47.5, 116, 120, 83, 86, 170, 183),
  (1,'XXS',22.5,25.5,57,65,28.5,31.5,72,80,0,5.7,0,170),
  (1,'XS',25.5,29,65,73,31.5,35,80,88,5.7,6,170,183),
  (1,'S',29,32,73,81,35,37.5,88,96,5.7,6.0,170,183),
  (1,'M',32,35,81,89,37.5,41,96,104,5.7,6.0,170,183),
  (1,'L',35,38,89,97,41,44,104,112,5.7,6.0,170,183),
  (1,'XL',38,43,97,109,44,47,112,120,5.7,6.0,170,183),
  (1,'XXL',43,47.5,109,121,47,50.5,120,128,5.7,6.0,170,183),
  (1,'XXXL',47.5,52.5,121,133,50.5,53.5,128,136,5.7,6.0,170,183),
  (2, 'XS', 27.5, 29, 70, 74, 34, 35.5, 86, 90, 65, 68, 0,170 ),
  (2, 'S', 29.5, 32, 75, 81, 36, 37.5, 91, 95, 68, 71, 170, 183),
  (2, 'M', 32.5, 35, 82, 89, 38, 39.5, 96, 100, 71, 74, 170,183 ),
  (2, 'L', 35.5, 39, 90, 99, 40, 41.5, 101, 105, 74, 77, 170, 183),
  (2, 'XL', 39.5, 43, 100, 109, 42, 43.5, 106, 110, 77, 80, 170, 183),
  (2, 'XXL', 43.5, 47, 110, 119, 44, 45.5, 111, 115, 80, 83, 170, 183),
  (2, 'XXXL', 47.5, 51, 120, 129, 46, 47.5, 116, 120, 83, 86, 170, 183)






insert into BottomsWoman
  (BrandId, Size, WaistIN_min, WaistIN_max, WaistCM_min, WaistCM_max, HipIN_min, HipIN_max, HipCM_min, HipCM_max, HeightIN_min, HeightIN_max, HeightCM_min, HeightCM_max)
VALUES
  (1, 'XXS', 21.25, 23.5, 54, 60, 30.5, 33, 78, 84, 0, 5.7, 0, 170),
  (1, 'XS', 23.5, 26, 60, 67, 33, 35.5, 84, 91, 5.7, 6, 170, 183),
  (1, 'S', 26, 29, 67, 74, 35.5, 38.5, 91, 98, 5.7, 6.0, 170, 183),
  (1, 'M', 29, 31.5, 74, 81, 38, 40.5, 98, 105, 5.7, 6.0, 170, 183),
  (1, 'L', 31.5, 34.5, 81, 88, 40.5, 43, 105, 112, 5.7, 6.0, 170, 183),
  (1, 'XL', 34.5, 38.5, 88, 98, 43, 45.5, 112, 120, 5.7, 6.0, 170, 183),
  (1, 'XXL', 38.5, 42.5, 98, 108, 45.5, 48, 120, 128, 5.7, 6.0, 170, 183),
  (2, 'XXS', 22, 23.5, 57, 60, 31.5, 33, 82, 85, 0, 5.7, 0, 170),
  (2, 'XS', 24, 26, 61, 66, 33.5, 35.5, 86, 91, 5.7, 6, 170, 183),
  (2, 'S', 26.5, 28.5, 67, 72, 36, 38, 92, 97, 5.7, 6.0, 170, 183),
  (2, 'M', 29, 31, 73, 78, 38.5, 40.5, 98, 103, 5.7, 6.0, 170, 183),
  (2, 'L', 31.5, 33.5, 79, 85, 41, 43, 104, 110, 5.7, 6.0, 170, 183),
  (2, 'XL', 34, 37, 86, 94, 43.5, 46, 111, 117, 5.7, 6.0, 170, 183),
  (2, 'XXL', 37.5, 41, 95, 104, 46.5, 49, 118, 125, 5.7, 6.0, 170, 183)




------------------------------------------------------------------


create table Conversions
(
  BrandId TINYINT NOT NULL,
  [Date] DATETIME NOT NULL,
  Garement VARCHAR(10) NOT NULL CHECK (Garement IN ('ShoesMan','ShoesWoman','TopsMan','TopsWoman','BottomsWoman','BottomsMan')),
  Size VARCHAR(6) NOT NULL,
  SizeUS TINYINT NOT NULL,
  SizeUK TINYINT NOT NULL,
  SizeEU TINYINT NOT NULL,
  FOREIGN KEY (BrandId) REFERENCES Brand(Id)
)



create table genderCount
(
  Male int not null,
  Female int
)

create table Comment
(
  email varchar(250),
  comment varchar(150),
  category varchar(50)
)